007_downesi	downesi
009_carnea	carnea
010_downesi	downesi
025_johnmohave	johnmohave
026_johnmohave	johnmohave
027_johnmohave	johnmohave
028_calocedrii	calocedrii
029_calocedrii	calocedrii
030_calocedrii	calocedrii
031_calocedrii	calocedrii
032_pallida	pallida
035_pallida	pallida
039_renoni	renoni
040_lucasina	lucasina
041_lucasina	lucasina
042_lucasina	lucasina
043_lucasina	lucasina
045_lucasina	lucasina
046_mediterranea	mediterranea
047_mediterranea	mediterranea
048_mediterranea	mediterranea
049_mediterranea	mediterranea
050_mediterranea	mediterranea
051_mediterranea	mediterranea
052_nipponensis	nipponensis
053_nipponensis	nipponensis
054_nipponensis	nipponensis
055_nipponensis	nipponensis
056_nipponensis	nipponensis
057_nipponensis	nipponensis
058_nigrocapitata	nigrocapitata
059_nigrocapitata	nigrocapitata
060_nigrocapitata	nigrocapitata
061_nigrocapitata	nigrocapitata
063_sharudensis	sharudensis
064_sharudensis	sharudensis
065_sharudensis	sharudensis
066_sharudensis	sharudensis
067_sharudensis	sharudensis
068_sharudensis	sharudensis
069_agilis	agilis
070_agilis	agilis
071_agilis	agilis
072_agilis	agilis
073_agilis	agilis
074_agilis	agilis
075_heidarii	heidarii
076_heidarii	heidarii
077_heidarii	heidarii
078_heidarii	heidarii
079_heidarii	heidarii
080_heidarii	heidarii
081_zsillemi	zsillemi
082_zsillemi	zsillemi
083_zsillemi	zsillemi
084_zsillemi	zsillemi
085_zsillemi	zsillemi
087_zzastrowi	zzastrowi
088_zzastrowi	zzastrowi
089_zzastrowi	zzastrowi
091_carnea	carnea
093_carnea	carnea
094_carnea	carnea
096_carnea	carnea
097_bolti	bolti
098_bolti	bolti
099_bolti	bolti
100_bolti	bolti
102_bolti	bolti
103_downK	downK
104_downK	downK
105_downK	downK
106_downK	downK
107_downK	downK
109_carnK	carnK
111_carnK	carnK
112_carnK	carnK
113_carnK	carnK
114_carnK	carnK
115_downmohave	downmohave
118_downmohave	downmohave
120_rufilabris	rufilabris
121_rufilabris	rufilabris
123_rufilabris	rufilabris
125_pudica	pudica
126_pudica	pudica
127_harrisii	harrisii
128_harrisii	harrisii
129_comanche	comanche
130_comanche	comanche
132_plorabunda	plorabunda
133_plorabunda	plorabunda
134_plorabunda	plorabunda
135_downesi	downesi
136_adamsi	adamsi
137_adamsi	adamsi
138_pallida	pallida
139_pallida	pallida
140_pallida	pallida
141_pallida	pallida
144_calocedrii	calocedrii
145_renoni	renoni
146_renoni	renoni
147_zsillemi	zsillemi
148_zsillemi	zsillemi
149_carnea	carnea
150_agilis	agilis
152_johnmohave	johnmohave
153_johnmohave	johnmohave
154_downmohave	downmohave
155_downmohave	downmohave
156_downmohave	downmohave
157_downmohave	downmohave
158_downmohave	downmohave
160_downesi	downesi
161_downesi	downesi
162_adamsi	adamsi
163_adamsi	adamsi
164_johnsoni	johnsoni
165_johnsoni	johnsoni
166_johnsoni	johnsoni
167_zzastrowi	zzastrowi
168_zzastrowi	zzastrowi
169_zzastrowi	zzastrowi
170_zzastrowi	zzastrowi
171_adamsi	adamsi
172_adamsi	adamsi
173_nigrocapitata	nigrocapitata
174_nigrocapitata	nigrocapitata
175_calocedrii	calocedrii
176_carnea	carnea
177_johnsoni	johnsoni
178_johnsoni	johnsoni
179_calocedrii	calocedrii
180_johnsoni	johnsoni
181_plorabunda	plorabunda
182_plorabunda	plorabunda
184_plorabunda	plorabunda
